url;impressions;clics;position;état
https://cedricv.com/et-sil-etait-temps-de-faire-le-tri-parmi-vos-offres/;0;0;;crawled
https://cedricv.com/en/je-meparpille-et-a-la-longue-je-mepuise/;6;0;8.8;crawled
https://cedricv.com/en/et-sil-etait-le-temps-de-faire-le-tri-parmi-les-logiciels-de-votre-activite/;0;0;;crawled
https://cedricv.com/en/et-sil-etait-temps-de-faire-le-tri-parmi-vos-offres/;0;0;;crawled
https://cedricv.com/en/cest-facile-pour-toi-avez-vous-deja-entendu-cela/;0;0;;crawled
https://cedricv.com/cest-facile-pour-toi-avez-vous-deja-entendu-cela/;1;0;3.0;crawled
https://cedricv.com/en/la-pire-expression-des-entrepreneurs-mon-objectif-est-davoir-de-limpact/;0;0;;crawled
https://cedricv.com/en/tout-va-trop-vite-les-dangers-de-lhypercroissance/;0;0;;crawled
https://cedricv.com/en/moins-mais-mieux-cela-vous-parle/;0;0;;crawled
https://cedricv.com/comment-eviter-les-journees-entieres-passees-a-separpiller-et-cette-sensation-desagreable-davoir-perdu-son-temps/;6;0;4.0;crawled
https://cedricv.com/besoin-de-simplifier-votre-activite-professionnelle-pour-enfin-vous-focaliser-sur-vos-domaines-dexpertises-preferes/;0;0;;crawled
https://cedricv.com/et-sil-etait-le-temps-de-faire-le-tri-parmi-les-logiciels-de-votre-activite/;0;0;;crawled
https://cedricv.com/la-pire-expression-des-entrepreneurs-mon-objectif-est-davoir-de-limpact/;7;1;8.4;crawled
https://cedricv.com/tout-va-trop-vite-les-dangers-de-lhypercroissance/;0;0;;crawled
https://cedricv.com/et-si-vous-disiez-stop-au-scale-or-die/;0;0;;crawled
https://cedricv.com/en/laxe-de-developpement-de-votre-activite-est-il-limpide/;0;0;;crawled
https://cedricv.com/en/4-questions-eclairantes-pour-creer-votre-journee-ideale/;0;0;;crawled
https://cedricv.com/en/les-3-piliers-dun-business-simple-pour-vous-base-sur-votre-unicite/;1;0;7.0;crawled
https://cedricv.com/en/quel-hack-as-tu-trouve-pour-reussir-avec-ta-societe/;0;0;;crawled
https://cedricv.com/4-questions-eclairantes-pour-creer-votre-journee-ideale/;2;0;2.5;crawled
https://cedricv.com/en/lenthousiasme-comme-createur-de-focus/;1;0;7.0;crawled
https://cedricv.com/quel-hack-as-tu-trouve-pour-reussir-avec-ta-societe/;0;0;;crawled
https://cedricv.com/un-maximum-de-focus-pour-un-minimum-deffort-la-formule-magique/;0;0;;crawled
https://cedricv.com/en/lenthousiasme-comme-cle-pour-mieux-aider-vos-clients-et-apprendre-plus-vite/;2;0;10.0;crawled
https://cedricv.com/en/sois-je-gagne-sois-japprends/;0;0;;crawled
https://cedricv.com/lenthousiasme-comme-cle-pour-mieux-aider-vos-clients-et-apprendre-plus-vite/;1;0;10.0;crawled
https://cedricv.com/en/le-2080-comme-levier-de-croissance-pour-booster-votre-activite/;1;0;5.0;crawled
https://cedricv.com/en/mon-pire-flop/;1;0;9.0;crawled
https://cedricv.com/en/nouveau-paradigme-de-creation-de-valeur-less-is-more/;1;0;3.0;crawled
https://cedricv.com/mon-pire-flop/;0;0;;crawled
https://cedricv.com/en/jai-40-ans-decouvrez-le-partage-de-quelques-grandes-etapes-de-vie-et-ce-que-cela-ma-appris/;0;0;;crawled
https://cedricv.com/sois-je-gagne-sois-japprends/;0;0;;crawled
https://cedricv.com/jai-40-ans-decouvrez-le-partage-de-quelques-grandes-etapes-de-vie-et-ce-que-cela-ma-appris/;0;0;;crawled
https://cedricv.com/est-ce-moins-bien-daider-a-developper-le-business-dautrui-plutot-que-de-developper-le-sien/;1;0;18.0;crawled
https://cedricv.com/tirees-de-pres-de-20-ans-darts-martiaux-voici-5-lecons-de-vie-egalement-utiles-en-entrepreneuriat/;0;0;;crawled
https://cedricv.com/il-ny-a-pas-de-vraie-concurrence-quand-vous-revelez-votre-unicite/;3;0;7.0;crawled
https://cedricv.com/les-6-grands-modeles-daffaires-personnellement-essayes-sur-les-28-dernieres-annees-et-les-grandes-lecons-tirees-pour-chacun-deux/;0;0;;crawled
https://cedricv.com/en/allier-savoir-faire-et-faire-savoir-pour-un-business-florissant/;0;0;;crawled
https://cedricv.com/ce-nest-pas-comme-ca-dans-la-vraie-vie-de-limportance-de-tout-ce-que-vous-faites/;0;0;;crawled
https://cedricv.com/en/entre-le-scale-or-die-et-le-suis-ta-passion-et-largent-va-suivre-quelle-voie-y-a-t-il/;1;0;6.0;crawled
https://cedricv.com/non-par-defaut-la-cle-dun-business-simple-et-efficient/;0;0;;crawled
https://cedricv.com/en/non-par-defaut-la-cle-dun-business-simple-et-efficient/;0;0;;crawled
https://cedricv.com/la-notion-de-succes-est-propre-a-chacun-voici-la-mienne/;0;0;;crawled
https://cedricv.com/tout-le-monde-sen-fiche-que-faire-dans-les-moments-difficiles/;0;0;;crawled
https://cedricv.com/en/tout-le-monde-sen-fiche-que-faire-dans-les-moments-difficiles/;0;0;;crawled
https://cedricv.com/en/lintelligence-artificielle-pour-booster-votre-business/;1;0;5.0;crawled
https://cedricv.com/en/avez-vous-clairement-identifie-votre-unicite-et-celle-de-votre-activitebusiness/;0;0;;crawled
https://cedricv.com/avez-vous-clairement-identifie-votre-unicite-et-celle-de-votre-activitebusiness/;1;0;4.0;crawled
https://cedricv.com/en/marcher-10-000-pas-par-jour-equivaut-a-la-distance-de-70-marathons-par-an-lequivalent-pour-votre-business/;5;0;7.8;crawled
https://cedricv.com/en/automatiser-la-vente-dune-offre-aux-resultats-moyens-et-en-esperer-un-succes-commercial/;0;0;;crawled
https://cedricv.com/automatiser-la-vente-dune-offre-aux-resultats-moyens-et-en-esperer-un-succes-commercial/;0;0;;crawled
https://cedricv.com/en/en-entrepreneuriat-particulierement-ce-nest-pas-forcement-en-travaillant-plus-que-le-resultat-arrivera/;0;0;;crawled
https://cedricv.com/en-entrepreneuriat-particulierement-ce-nest-pas-forcement-en-travaillant-plus-que-le-resultat-arrivera/;0;0;;crawled
https://cedricv.com/la-seule-facon-de-savoir-si-votre-idee-doffre-fonctionne/;0;0;;crawled
https://cedricv.com/quand-je-ferai-100-000-de-chiffre-daffaires-puis-1-million-etc/;0;0;;crawled
https://cedricv.com/vous-avez-limpression-de-vous-repeter-cest-normal/;0;0;;crawled
https://cedricv.com/gagnez-du-temps-et-de-la-serenite-avec-cette-approche-a-2-facettes/;0;0;;crawled
https://cedricv.com/quand-la-liste-de-taches-devient-trop-longue-pour-etre-ecrite-cest-le-moment-de-dire-stop/;0;0;;crawled
https://cedricv.com/en/quand-la-liste-de-taches-devient-trop-longue-pour-etre-ecrite-cest-le-moment-de-dire-stop/;0;0;;crawled
https://cedricv.com/en/5-predictions-pour-les-entreprises-en-2030/;0;0;;crawled
https://cedricv.com/en/le-meilleur-conseil-pour-assurer-une-croissance-durable-de-votre-activite-dindependantsolopreneur/;0;0;;crawled
https://cedricv.com/en/le-modele-du-solopreneur-une-solution-davenir/;1;0;3.0;crawled
https://cedricv.com/ce-quest-concretement-lequilibre-de-vie/;7;0;9.1;crawled
https://cedricv.com/5-de-mes-citations-preferees-avec-lapplication-business-pour-chacune-delles/;0;0;;crawled
https://cedricv.com/croissance-illimitee-durant-la-periode-far-west-de-facebook-flash-back-en-2014/;0;0;;crawled
https://cedricv.com/le-meilleur-conseil-pour-assurer-une-croissance-durable-de-votre-activite-dindependantsolopreneur/;0;0;;crawled
https://cedricv.com/plus-de-250-clients-dans-mon-offre-de-continuite-voici-mes-retours-dexperience/;0;0;;crawled
https://cedricv.com/comme-quel-animal-travailles-tu-le-comparatif-avec-la-vache-labeille-et-le-lion/;1;0;5.0;crawled
https://cedricv.com/en/comme-quel-animal-travailles-tu-le-comparatif-avec-la-vache-labeille-et-le-lion/;0;0;;crawled
https://cedricv.com/541-webinaires-de-vente-realises-par-ma-societe-je-reponds-a-tes-questions/;0;0;;crawled
https://cedricv.com/en/quelle-frequence-de-publication-voici-lapproche-chaque-jour-sans-pression/;1;0;8.0;crawled
https://cedricv.com/quelle-est-la-grande-difference-entre-les-entrepreneurs-qui-avancent-vite-et-les-autres/;2;0;6.5;crawled
https://cedricv.com/decouvre-les-meilleurs-crm-pour-ton-business-b2c-vs-b2b/;8;0;62.5;crawled
https://cedricv.com/focalise-toi-sur-les-systemes-plutot-que-sur-les-resultats10-systemes-pour-booster-ton-business/;0;0;;crawled
https://cedricv.com/clarte-focus-perseverance-le-trio-puissant-des-entrepreneures/;0;0;;crawled
https://cedricv.com/en/les-dessous-dun-business-a-1-m-de-ca-annuel/;0;0;;crawled
https://cedricv.com/en/quelle-offre-mettre-en-avant-voici-3-pistes-pour-taider-a-optimiser/;0;0;;crawled
https://cedricv.com/le-truc-ultime-pour-realiser-une-tache-qui-traine-illustre-par-10-exemples-concrets/;4;0;6.0;crawled
https://cedricv.com/quelle-offre-mettre-en-avant-voici-3-pistes-pour-taider-a-optimiser/;1;0;1.0;crawled
https://cedricv.com/la-confusion-mene-a-linaction-et-donc-a-labsence-de-ventes/;0;0;;crawled
https://cedricv.com/quest-ce-que-mes-clients-entrepreneurs-me-demandent-le-plus-souvent/;0;0;;crawled
https://cedricv.com/en/nicher-ton-positionnement-ou-pas/;0;0;;crawled
https://cedricv.com/nicher-ton-positionnement-ou-pas/;0;0;;crawled
https://cedricv.com/assets/js/payment.js;0;0;;discovered
https://cedricv.com/well-known/api-catalog;0;0;;crawled
